,time_sec,gaze_x,gaze_y,gaze_z,Sgaze_x,Sgaze_y,Sgaze_z,REyePos_x,REyePos_y,LEyePos_x,LEyePos_y,yaw,pitch,roll,HeadPos_x,HeadPos_y,set_x,set_y,set_z,WTransG_x,WTransG_y,WTransG_z,RegSgaze_x,RegSgaze_y,RegSgaze_z,CalPSgaze_x,CalPSgaze_y,CalPSgaze_z,ROpenClose,LOpenClose
0,2024-11-30 15:59:38.412581,-0.30115431547164917,-0.2914501428604126,0.9076297283172607,43.19712028191781,8.523442648670354,0.0,85,165,218,155,-3.599849,0.47301054,-3.6303658,522,299,154,87,0,0.0,0.0,0.0,66.96157325183052,-14.620150620668735,0.0,19.43266731200511,31.667035918009443,0.0,1,1
1,2024-11-30 15:59:38.647131,-0.30115431547164917,-0.2893745005130768,0.9076297283172607,301.541174348621,131.84081757457608,0.0,86,164,219,153,-3.6161544,-2.4560122,-4.052166,521,299,154,87,0,-121.50992780308957,-8.164410014360516,412.39562066599416,325.30562731853365,108.69722430523699,0.0,277.77672137870826,154.98441084391516,0.0,1,1
2,2024-11-30 15:59:38.857682,-0.2898639738559723,-0.28240782022476196,0.9107973575592041,296.30311102895115,128.27588130613879,0.0,86,164,219,154,-3.6847901,1.1613889,-3.8662086,521,299,154,87,0,-121.89729886938784,-8.081179900869186,412.27796701061857,320.0675639988639,105.13228803679968,0.0,272.5386580590384,151.41947457547786,0.0,1,1
3,2024-11-30 15:59:39.103747,0.02715788036584854,-0.26082661747932434,0.9645559787750244,153.674227484274,111.89326336666527,0.0,87,165,221,155,-3.3869255,-0.2392273,-4.0170975,519,298,154,87,0,-122.08372276825142,-8.101112862013856,412.22769548339585,177.4386804541867,88.74967009732617,0.0,129.90977451436132,135.03685663600436,0.0,1,1
4,2024-11-30 15:59:39.327738,0.02715788036584854,-0.25555291771888733,0.9645559787750244,152.88050307153918,109.433610883033,0.0,85,164,219,154,-3.118124,-1.567033,-3.8257651,521,299,154,87,0,-121.29644458965821,-8.367573130945063,412.45664389903436,176.64495604145188,86.2900176136939,0.0,129.11605010162648,132.57720415237208,0.0,1,1
5,2024-11-30 15:59:39.539149,0.02715788036584854,-0.2554035484790802,0.9651191234588623,153.21874583202856,108.78043782643549,0.0,86,164,220,154,-3.3827925,-2.4315076,-4.043077,520,299,154,87,0,-121.62471557812998,-8.863095438914831,412.3430815071386,176.98319880194126,85.6368445570964,0.0,129.45429286211586,131.92403109577458,0.0,1,1
6,2024-11-30 15:59:39.747361,-0.07676175236701965,-0.2554035484790802,0.9645559787750244,197.82439114328218,109.58910907662033,0.0,87,165,220,155,-3.1532834,-0.2390194,-3.9476037,519,298,154,87,0,-121.81498839267095,-8.108148887433572,412.30537678594106,221.58884411319488,86.44551580728124,0.0,174.05993817336946,132.7327023459594,0.0,1,1
7,2024-11-30 15:59:39.951134,-0.07676175236701965,-0.2554035484790802,0.964154064655304,197.8092560974174,109.28817571075842,0.0,86,164,220,154,-2.7449355,-1.2706943,-3.6692684,519,299,154,87,0,-121.78595403015854,-8.455328393902997,412.3081563344892,221.5737090673301,86.14458244141935,0.0,174.0448031275047,132.4317689800975,0.0,1,1
8,2024-11-30 15:59:40.152665,-0.07780688256025314,-0.25351983308792114,0.964154064655304,198.3066342340673,108.35740050196134,0.0,86,165,220,155,-3.3285718,0.5300503,-4.0453234,519,298,154,87,0,-121.83770386991274,-8.576294055331816,412.29194479532066,222.07108720398003,85.21380723262224,0.0,174.5421812641546,131.50099377130041,0.0,1,1
9,2024-11-30 15:59:40.387781,-0.07780688256025314,-0.2523361146450043,0.9645064473152161,198.10741676261134,108.20728023205986,0.0,87,164,221,153,-2.5307639,-1.1226277,-3.6663408,517,300,154,87,0,-121.64574310545747,-8.196697889912484,412.3526755185284,221.87186973252403,85.06368696272077,0.0,174.34296379269864,131.35087350139895,0.0,0,1
10,2024-11-30 15:59:40.595190,-0.07564791291952133,-0.25351983308792114,0.9645064473152161,198.0817630912045,108.08280338109309,0.0,87,164,221,153,-3.0059538,-1.6477814,-3.9999826,518,300,154,87,0,-122.56576687704194,-8.751307939277712,412.0637702165422,221.84621606111722,84.939210111754,0.0,174.3173101212918,131.22639665043218,0.0,1,1
11,2024-11-30 15:59:40.806581,-0.057272087782621384,-0.2523361146450043,0.9647641777992249,189.70270977718602,108.28508549797039,0.0,86,165,219,154,-3.8171175,-2.7973027,-3.9787793,519,299,154,87,0,-122.03324324674392,-8.061504650373957,412.243449145566,213.4671627470987,85.14149222863131,0.0,165.93825680727332,131.42867876730946,0.0,1,1
12,2024-11-30 15:59:41.045240,-0.057272087782621384,-0.2523361146450043,0.9647641777992249,189.83990611371956,108.12319903246119,0.0,86,166,220,155,-3.5295177,-0.32515478,-3.960411,519,298,154,87,0,-122.1729326349438,-8.212406935011625,412.2014529999004,213.60435908363226,84.9796057631221,0.0,166.07545314380687,131.26679230180028,0.0,1,1
13,2024-11-30 15:59:41.257294,-0.057272087782621384,-0.25868308544158936,0.9647641777992249,189.73431777547444,111.01659409876883,0.0,87,165,220,154,-3.5730813,-0.82600975,-3.799324,518,299,154,87,0,-122.06544930276984,-8.039353531556188,412.23337469737123,213.49877074538716,87.87300082942974,0.0,165.96986480556174,134.16018736810793,0.0,1,1
14,2024-11-30 15:59:41.461262,-0.057790156453847885,-0.25868308544158936,0.9647641777992249,190.37844363717295,111.56059647652035,0.0,87,163,219,153,-3.1861975,-1.5733218,-3.845974,518,301,154,87,0,-122.49544778361916,-7.462952964519962,412.11254494774107,214.14289660708565,88.41700320718125,0.0,166.61399066726025,134.70418974585942,0.0,1,1
15,2024-11-30 15:59:41.664010,-0.057790156453847885,-0.2570979595184326,0.9651162028312683,190.3703760617118,110.15937878847757,0.0,87,164,221,154,-2.81672,-1.6365175,-3.675559,517,300,154,87,0,-122.49717383854443,-8.14349179912674,412.0993602588927,214.13482903162452,87.01578551913848,0.0,166.6059230917991,133.30297205781665,0.0,1,1
16,2024-11-30 15:59:41.872803,-0.057790156453847885,-0.2570979595184326,0.9651162028312683,190.11807730878843,110.07385792366001,0.0,86,165,218,155,-3.892335,0.33677006,-4.1315713,519,299,154,87,0,-122.24035851685382,-8.249106061943746,412.1747885665135,213.88253027870115,86.93026465432092,0.0,166.35362433887573,133.2174511929991,0.0,1,1
17,2024-11-30 15:59:42.077966,-0.04519396647810936,-0.2570979595184326,0.9651162028312683,184.83795216549532,110.93731706937949,0.0,88,164,221,154,-2.9413927,0.074602604,-3.5865214,517,300,154,87,0,-122.34019514836969,-7.38295707519319,412.16469121231034,208.60240513540802,87.7937238000404,0.0,161.0734991955826,134.08091033871858,0.0,1,1
18,2024-11-30 15:59:42.279016,-0.0424816869199276,-0.2553645670413971,0.9657639265060425,183.20973442334974,109.41983952122469,0.0,87,164,221,153,-2.6755357,-1.3241963,-3.6387763,517,300,154,87,0,-121.87726551863513,-8.11823472468827,412.28272143525453,206.97418739326247,86.2762462518856,0.0,159.44528145343705,132.56343279056378,0.0,1,1
19,2024-11-30 15:59:42.529744,-0.0424816869199276,-0.2570979595184326,0.9657639265060425,183.74823500504942,109.5394613843062,0.0,86,166,220,156,-3.7253704,1.1029472,-3.7285674,518,298,154,87,0,-122.42334634228644,-8.692719293593195,412.11039484556755,207.51268797496215,86.3958681149671,0.0,159.98378203513673,132.68305465364529,0.0,1,1
20,2024-11-30 15:59:42.742701,-0.04519396647810936,-0.2620694041252136,0.9633966088294983,184.60233425800277,112.27312060310136,0.0,88,164,222,154,-2.6165452,0.99490166,-3.5884328,516,300,154,87,0,-122.06722862362328,-8.386845861341648,412.2264753898066,208.36678722791547,89.12952733376227,0.0,160.83788128809007,135.41671387244045,0.0,1,1
21,2024-11-30 15:59:42.956964,-0.04926528036594391,-0.26375579833984375,0.9630908966064453,186.69168980515366,113.18895798497822,0.0,87,164,220,154,-3.5614862,0.7748413,-3.7892616,518,300,154,87,0,-122.41280617635016,-8.201746976347193,412.1290737204963,210.45614277506635,90.04536471563912,0.0,162.92723683524093,136.3325512543173,0.0,1,1
22,2024-11-30 15:59:43.211809,-0.04926528036594391,-0.2620694041252136,0.9633966088294983,186.78620356879256,112.6237202385823,0.0,88,164,222,152,-2.6542664,-0.95140505,-3.669825,515,301,154,87,0,-122.51553505450009,-8.001636517535763,412.0992462088797,210.55065653870525,89.4801269692432,0.0,163.02175059887986,135.7673135079214,0.0,0,1
23,2024-11-30 15:59:43.419803,-0.04926528036594391,-0.2620694041252136,0.9633966088294983,186.6214678565805,113.2885526551843,0.0,86,164,219,153,-3.1404085,-1.3652236,-3.8818398,518,300,154,87,0,-122.34777493037961,-7.352892628610496,412.1583894463613,210.3859208264932,90.14495938584521,0.0,162.8570148866678,136.43214592452338,0.0,1,1
24,2024-11-30 15:59:43.628844,-0.05180566757917404,-0.23936577141284943,0.969546377658844,187.28311606179642,102.34496467570186,0.0,86,164,219,153,-3.2835622,-1.9434898,-3.9061005,518,300,154,87,0,-122.05897134519034,-7.953359798029599,412.2371691980681,211.04756903170912,79.20137140636277,0.0,163.5186630918837,125.48855794504095,0.0,1,1
25,2024-11-30 15:59:43.880840,-0.05156610533595085,-0.23936577141284943,0.969546377658844,187.7187819044592,102.15207671515475,0.0,87,164,220,154,-3.455094,-1.5218961,-3.7380273,517,300,154,87,0,-122.60521740498262,-8.105761862486567,412.07318186742856,211.48323487437193,79.00848344581566,0.0,163.9543289345465,125.29566998449383,0.0,1,1
26,2024-11-30 15:59:44.090801,-0.048909056931734085,-0.23936577141284943,0.969546377658844,186.31429659545773,101.60184962112547,0.0,86,164,222,153,-3.6650405,-0.96698093,-3.588365,517,299,154,87,0,-122.32649752756305,-8.67323532047007,412.1430379274697,210.07874956537046,78.45825635178637,0.0,162.549843625545,124.74544289046456,0.0,0,0
27,2024-11-30 15:59:44.299373,-0.048909056931734085,-0.25416848063468933,0.9657843112945557,186.51566144493765,108.93770668607942,0.0,87,163,221,151,-3.2633657,-2.1732585,-3.961708,516,302,154,87,0,-122.44817857953204,-8.043937386187372,412.1173054368025,210.28011441485035,85.79411341674033,0.0,162.75120847502495,132.0812999554185,0.0,0,0
28,2024-11-30 15:59:44.543615,-0.026862557977437973,-0.2582164406776428,0.9657843112945557,176.980576547746,111.26040048275641,0.0,88,162,222,152,-3.5812643,-2.3081112,-3.6740575,517,301,154,87,0,-122.31926554095222,-7.462619090548224,412.1698146942364,200.7450295176587,88.11680721341732,0.0,153.21612357783332,134.4039937520955,0.0,0,0
29,2024-11-30 15:59:44.754625,-0.006708011031150818,-0.2582164406776428,0.9657843112945557,168.37256448376286,110.29930921437642,0.0,87,164,220,152,-3.537067,-0.64522123,-3.7718437,519,299,154,87,0,-122.31283019165988,-8.416856331046803,412.1441791747487,192.13701745367555,87.15571594503733,0.0,144.60811151385013,133.4429024837155,0.0,0,1
30,2024-11-30 15:59:44.958289,-0.006708011031150818,-0.2582164406776428,0.9660661816596985,168.34158061389743,110.95069342256436,0.0,87,162,220,151,-3.7822332,-1.2601218,-3.4265423,518,300,154,87,0,-122.2824832696774,-7.740953615888587,412.1727349189564,192.10603358381013,87.80710015322526,0.0,144.57712764398474,134.09428669190345,0.0,0,1
31,2024-11-30 15:59:45.206165,-0.006364475004374981,-0.2582164406776428,0.9660661816596985,168.57549669596926,110.73653198582247,0.0,87,162,219,151,-3.0211577,-2.0566537,-3.808918,518,302,154,87,0,-122.6637174847892,-7.9247564216929725,412.05915405403067,192.33994966588196,87.59293871648339,0.0,144.81104372605657,133.88012525516154,0.0,0,0
32,2024-11-30 15:59:45.420788,0.006915804464370012,-0.2577555477619171,0.9661850333213806,162.58334581611555,111.15893302550462,0.0,88,162,221,152,-3.4712446,-0.65554905,-3.8398604,517,301,154,87,0,-122.33645416367015,-7.321030275289286,412.167053212391,186.34779878602825,88.01533975616553,0.0,138.81889284620286,134.30252629484372,0.0,0,0
33,2024-11-30 15:59:45.627194,0.006915804464370012,-0.25257477164268494,0.9675527215003967,162.43110013190048,108.05510980901417,0.0,87,164,221,153,-3.5505216,-3.2662468,-3.869331,516,300,154,87,0,-122.18023469194125,-8.069646286656742,412.194547323776,186.19555310181318,84.91151653967508,0.0,138.66664716198778,131.19870307835325,0.0,1,1
34,2024-11-30 15:59:45.879192,-0.03880491852760315,-0.22532397508621216,0.9735108017921448,182.01220136846408,95.66176144052359,0.0,86,164,221,153,-4.57452,-0.7069073,-4.0828776,517,299,154,87,0,-122.387357138426,-8.250621632706236,412.1273106392058,205.77665433837677,72.5181681711845,0.0,158.24774839855138,118.80535470986268,0.0,1,1
35,2024-11-30 15:59:46.092818,-0.057780344039201736,-0.2050972580909729,0.9764086604118347,190.06266078997223,87.00682055934519,0.0,87,164,221,153,-3.7335656,-0.35779,-3.92562,517,299,154,87,0,-122.47879335846599,-8.07988261170974,412.1026191878782,213.82711375988492,63.863227290006094,0.0,166.29820782005953,110.15041382868426,0.0,1,1
36,2024-11-30 15:59:46.301811,-0.0645647943019867,-0.2004927098751068,0.9770345687866211,192.72130808171158,85.04834398463451,0.0,88,165,222,154,-3.150207,-1.3872142,-3.7504175,516,299,154,87,0,-122.28751186661552,-8.053002533621576,412.1622970110647,216.48576105162428,61.90475071529543,0.0,168.9568551117989,108.1919372539736,0.0,1,1
37,2024-11-30 15:59:46.515915,-0.07614737749099731,-0.2004927098751068,0.9770345687866211,197.6627235154528,85.01693386009605,0.0,87,164,220,154,-3.5491705,-0.21030474,-3.7840981,517,299,154,87,0,-122.34448357671361,-8.080010022810102,412.14084223132056,221.4271764853655,61.87334059075695,0.0,173.8982705455401,108.16052712943514,0.0,1,1
38,2024-11-30 15:59:46.725389,-0.07614737749099731,-0.2004927098751068,0.9764086604118347,197.93888007225212,84.79335350195284,0.0,86,165,221,154,-4.844242,-2.2806869,-4.355051,517,299,154,87,0,-122.6065149007239,-8.340781500238078,412.05793880925705,221.70333304216484,61.64976023261375,0.0,174.17442710233942,107.93694677129193,0.0,1,1
39,2024-11-30 15:59:46.978989,-0.07589484006166458,-0.20224297046661377,0.9764086604118347,197.41476291995806,85.37244267963237,0.0,88,164,222,153,-2.9374988,-1.5899177,-3.8078165,516,300,154,87,0,-122.17889205690312,-8.527187366013008,412.1876205388881,221.17921588987076,62.228849410293286,0.0,173.65030995004537,108.51603594897146,0.0,1,1
40,2024-11-30 15:59:47.196355,-0.0645647943019867,-0.20965106785297394,0.975839376449585,193.36663352337914,89.4358814787739,0.0,87,164,220,153,-3.7889442,-1.510225,-3.9869745,517,300,154,87,0,-122.91137453455511,-7.598613506843537,411.9824955146671,217.13108649329183,66.2922882094348,0.0,169.60218055346644,112.57947474811297,0.0,1,1
41,2024-11-30 15:59:47.407355,-0.06298793852329254,-0.22209152579307556,0.9720478057861328,192.711100434179,94.71087300432174,0.0,86,166,221,154,-3.509866,1.4267087,-3.8483326,517,299,154,87,0,-122.81617334041258,-7.947364165042155,412.00815805652667,216.4755534040917,71.56727973498266,0.0,168.9466474642663,117.85446627366083,0.0,1,1
42,2024-11-30 15:59:47.641993,-0.06298793852329254,-0.21133820712566376,0.974674642086029,192.33214348088757,90.24669636737455,0.0,85,163,218,152,-4.1369395,-3.119974,-4.14443,519,301,154,87,0,-122.50274341653763,-7.633826269028987,412.107593508208,216.0965964508003,67.10310309803546,0.0,168.56769051097487,113.39028963671365,0.0,1,1
43,2024-11-30 15:59:47.854973,-0.06298793852329254,-0.21133820712566376,0.974674642086029,192.4828137975381,89.83616547010499,0.0,86,164,220,153,-3.6299603,-0.15975666,-3.8093886,518,300,154,87,0,-122.65663051144062,-8.033564176965447,412.05781711822937,216.2472667674508,66.6925722007659,0.0,168.71836082762542,112.97975873944407,0.0,1,1
44,2024-11-30 15:59:48.119275,-0.07311328500509262,-0.21133820712566376,0.974674642086029,196.49388010829546,90.1015342135213,0.0,87,165,220,154,-3.5423625,0.28102398,-3.7371383,517,300,154,87,0,-122.38045892971377,-7.78727619291557,412.14581603030086,220.25833307820818,66.95794094418221,0.0,172.72942713838276,113.2451274828604,0.0,1,1
45,2024-11-30 15:59:48.342805,-0.07311328500509262,-0.22053959965705872,0.974674642086029,196.71193694635792,93.60593215188088,0.0,88,165,221,154,-3.1470385,1.7637873,-3.674452,517,300,154,87,0,-122.60448984454685,-8.155710663192547,412.06617549523514,220.47638991627062,70.46233888254179,0.0,172.9474839764452,116.74952542121997,0.0,1,1
46,2024-11-30 15:59:48.552809,-0.07311328500509262,-0.21133820712566376,0.9752861261367798,196.5637775435581,90.05305224103981,0.0,86,163,219,152,-3.582362,-2.8174498,-3.8702865,519,301,154,87,0,-122.47201446783491,-7.773154158101541,412.1154792408971,220.3282305134708,66.90945897170072,0.0,172.7993245736454,113.19664551037889,0.0,1,1
47,2024-11-30 15:59:48.776517,-0.015974629670381546,-0.2069144994020462,0.97560715675354,172.1429249629016,88.22124702118637,0.0,88,163,220,152,-3.273785,-2.9351692,-3.9136853,516,301,154,87,0,-122.19640538728908,-7.725103384068775,412.2012460122707,195.9073779328143,65.07765375184728,0.0,148.3784719929889,111.36484029052546,0.0,1,1
48,2024-11-30 15:59:48.982189,-0.013519260101020336,-0.20552676916122437,0.9785211682319641,171.23803307794,87.30825980098874,0.0,87,164,221,152,-3.7684104,-4.360335,-4.0568686,515,301,154,87,0,-122.34656388527377,-7.783613764587386,412.15576198917995,195.0024860478527,64.16466653164964,0.0,147.4735801080273,110.45185307032783,0.0,1,1
49,2024-11-30 15:59:49.276814,0.012491356581449509,-0.20552676916122437,0.9785211682319641,160.74515439360016,87.43619518623197,0.0,89,165,223,155,-2.1596408,1.3060308,-3.702784,514,299,154,87,0,-122.80765393987036,-7.626500685674068,412.0168458226247,184.50960736351288,64.29260191689289,0.0,136.98070142368746,110.57978845557106,0.0,1,1
50,2024-11-30 15:59:49.506594,0.0009640170028433204,-0.20552676916122437,0.9785211682319641,165.18920614947353,87.60976796534823,0.0,87,163,221,153,-3.1805484,-3.1583023,-4.0127535,518,301,154,87,0,-122.39812079188789,-7.47962312456104,412.1439428232409,188.95365911938623,64.46617469600915,0.0,141.4247531795608,110.75336123468732,0.0,1,1
51,2024-11-30 15:59:49.716411,0.0009640170028433204,-0.20354020595550537,0.9789457321166992,164.7629307358699,86.60630775122235,0.0,86,164,219,153,-3.2790692,-1.1992168,-4.0352907,518,300,154,87,0,-121.97179016763629,-7.63470449768935,412.2666995134909,188.5273837057826,63.46271448188326,0.0,140.9984777659572,109.74990102056144,0.0,1,1
52,2024-11-30 15:59:49.975628,0.003018202492967248,-0.20354020595550537,0.9789457321166992,164.56651301616589,86.11292719665391,0.0,88,163,223,153,-3.7474747,-3.3953125,-4.1088595,516,301,154,87,0,-122.63982831319684,-8.085588610614467,412.06230888716925,188.33096598607858,62.96933392731482,0.0,140.8020600462532,109.25652046599299,0.0,1,1
53,2024-11-30 15:59:50.189033,0.003018202492967248,-0.206618532538414,0.9784210920333862,163.98342161411182,87.75095064007829,0.0,86,163,219,152,-3.6356783,-2.070491,-3.9839916,519,301,154,87,0,-122.05794159459323,-7.825778044211454,412.23200136817337,187.74787458402452,64.60735737073921,0.0,140.2189686441991,110.89454390941738,0.0,1,1
54,2024-11-30 15:59:50.395741,0.003018202492967248,-0.206618532538414,0.9784210920333862,163.68776166700994,87.99534517595862,0.0,88,164,222,152,-3.2363396,-2.4875207,-3.8883872,516,301,154,87,0,-121.76258574440513,-7.6022012162936585,412.3305815115327,187.45221463692263,64.85175190661953,0.0,139.92330869709724,111.1389384452977,0.0,1,1
55,2024-11-30 15:59:50.605744,0.003619289258494973,-0.2067463994026184,0.9783790111541748,163.95334721192577,87.55248789962178,0.0,87,163,221,152,-3.7040994,-2.6595385,-4.045928,517,301,154,87,0,-122.28092628733887,-8.067088764802143,412.1620967518782,187.71780018183847,64.40889463028269,0.0,140.18889424201308,110.69608116896086,0.0,1,1
56,2024-11-30 15:59:50.805862,0.003619289258494973,-0.2067463994026184,0.9783765077590942,163.8292846387081,87.36054828101106,0.0,88,165,222,153,-3.384635,-2.355916,-3.7873137,516,300,154,87,0,-122.15699647511549,-8.266612153482106,412.19693047311046,187.5937376086208,64.21695501167197,0.0,140.0648316687954,110.50414155035014,0.0,1,1
57,2024-11-30 15:59:51.052860,0.005509613081812859,-0.20842278003692627,0.97796630859375,163.16589453335513,88.01223309982032,0.0,85,165,219,154,-3.1603305,1.4706612,-3.6912172,519,299,154,87,0,-122.29074715525557,-8.34896523113727,412.1543991714668,186.93034750326783,64.86863983048123,0.0,139.40144156344243,111.15582636915941,0.0,1,1
58,2024-11-30 15:59:51.267096,0.005509613081812859,-0.2067463994026184,0.9783765077590942,162.51156280995167,88.06467257100235,0.0,86,164,220,152,-3.2117105,-2.5309455,-3.9622862,519,300,154,87,0,-121.63666936696862,-7.599560259600736,412.3723664736652,186.27601577986437,64.92107930166326,0.0,138.74710984003897,111.20826584034144,0.0,1,1
59,2024-11-30 15:59:51.474144,0.022449344396591187,-0.2067241221666336,0.9783765077590942,155.53125354686136,87.2294410562683,0.0,87,165,221,153,-3.3500323,-2.2652094,-3.9783278,518,299,154,87,0,-121.79471099919898,-8.411451115788568,412.30633917441895,179.2957065167741,64.08584778692921,0.0,131.76680057694867,110.37303432560739,0.0,1,1
60,2024-11-30 15:59:51.684142,0.04475986212491989,-0.19207797944545746,0.979806661605835,146.7432562457447,82.00172561672163,0.0,85,165,219,153,-4.2194324,-4.332805,-4.140063,521,299,154,87,0,-122.37428970161108,-7.318966061645044,412.1538713978505,170.5077092156574,58.858132347382536,0.0,122.97880327583198,105.14531888606072,0.0,1,1
61,2024-11-30 15:59:51.889728,0.04767856374382973,-0.18676570057868958,0.979806661605835,145.3276593175739,79.64701917822896,0.0,88,164,222,153,-2.8372102,-2.348579,-3.8882527,518,300,154,87,0,-122.1888702591334,-7.448594887348943,412.2038293572296,169.0921122874866,56.503425908889874,0.0,121.5632063476612,102.79061244756805,0.0,1,1
62,2024-11-30 15:59:52.143630,0.05459524318575859,-0.18676570057868958,0.9799702763557434,142.25802135580216,79.50466205444405,0.0,87,162,221,151,-2.9131126,-3.0238137,-3.942958,518,302,154,87,0,-122.02800416292803,-7.587294046826007,412.2534683961631,166.02247432571488,56.36106878510496,0.0,118.49356838588946,102.64825532378313,0.0,1,1
63,2024-11-30 15:59:52.353787,0.05459524318575859,-0.18676570057868958,0.9799702763557434,142.7804642881858,80.4345240541415,0.0,88,163,223,152,-2.6113982,-2.9264553,-3.774922,516,301,154,87,0,-122.54265811735749,-6.630786613579507,412.11365828757374,166.5449172580985,57.29093078480241,0.0,119.0160113182731,103.5781173234806,0.0,1,1
64,2024-11-30 15:59:52.562197,0.06362719088792801,-0.1915140002965927,0.9796563386917114,138.5584498776701,81.23445309170737,0.0,87,163,221,152,-2.9070868,-2.6789439,-3.799095,517,301,154,87,0,-122.13389833713092,-7.872803903067294,412.2123938608037,162.32290284758284,58.09085982236827,0.0,114.79399690775742,104.37804636104646,0.0,1,1
65,2024-11-30 15:59:52.809528,0.06362719088792801,-0.1915140002965927,0.9796563386917114,138.56785582251277,80.89524484340038,0.0,87,163,222,151,-3.8326502,-4.543955,-4.17672,517,301,154,87,0,-122.14306602919433,-8.211295024903775,412.2087255258967,162.33230879242547,57.75165157406129,0.0,114.80340285260007,104.03883811273947,0.0,1,1
66,2024-11-30 15:59:53.015521,0.06362719088792801,-0.1915140002965927,0.9799702763557434,138.89937023286114,81.60358726997801,0.0,88,164,223,153,-2.9736602,-2.049253,-3.7860928,517,300,154,87,0,-122.4605022251681,-7.460578023646771,412.12399148905195,162.66382320277384,58.45999400063892,0.0,115.13491726294845,104.7471805393171,0.0,1,1
67,2024-11-30 15:59:53.226936,0.06467629969120026,-0.18988420069217682,0.9796441197395325,137.7485560328193,80.51570528116781,0.0,87,165,222,154,-2.8906837,-0.5404787,-3.5033727,518,299,154,87,0,-121.77303174723748,-7.928064009703721,412.3222351164298,161.513009002732,57.37211201182872,0.0,113.9841030629066,103.65929855050689,0.0,1,1
68,2024-11-30 15:59:53.469467,0.06495539844036102,-0.18694603443145752,0.9796441197395325,137.747753930896,79.60603605017944,0.0,87,164,222,153,-3.1249752,-2.4608855,-3.9064593,518,300,154,87,0,-121.88782919904612,-7.595706220573531,412.2940281150386,161.51220690080874,56.462442780840355,0.0,113.98330096098331,102.74962931951853,0.0,1,1
69,2024-11-30 15:59:53.680541,0.06467629969120026,-0.18673823773860931,0.9802784323692322,137.8073340856132,79.11055519307149,0.0,87,164,221,153,-3.6061592,-1.4581234,-4.014194,519,300,154,87,0,-121.81341934915852,-7.956012041498933,412.3104725354725,161.5717870555259,55.966961923732406,0.0,114.0428811157005,102.25414846241058,0.0,1,1
70,2024-11-30 15:59:53.888571,0.06467629969120026,-0.18673823773860931,0.9802784323692322,137.7691458956854,79.44851500112138,0.0,87,163,221,151,-3.6292298,-4.9669313,-4.271456,518,302,154,87,0,-121.77630370633457,-7.62114897146618,412.3267287962452,161.5335988655981,56.304921731782294,0.0,114.00469292577272,102.59210827046047,0.0,1,1
71,2024-11-30 15:59:54.178510,0.06512577086687088,-0.18098987638950348,0.9816384315490723,138.04349303288123,77.36719357468377,0.0,88,162,223,150,-3.1917267,-3.873692,-3.893631,517,302,154,87,0,-122.19431820124471,-7.158439922082661,412.2146105998728,161.80794600279395,54.22360030534468,0.0,114.27904006296852,100.51078684402286,0.0,1,1
72,2024-11-30 15:59:54.395082,0.0602390319108963,-0.18098987638950348,0.9816384315490723,140.10480366402533,77.37203037628284,0.0,88,165,223,154,-2.68332,-1.3064437,-3.7925081,517,300,154,87,0,-122.2029524740637,-7.151764219681173,412.2046369166178,163.86925663393805,54.228437106943744,0.0,116.34035069411263,100.51562364562193,0.0,1,1
73,2024-11-30 15:59:54.605301,0.05920116603374481,-0.18098987638950348,0.9816384315490723,140.2647787879334,76.92299229011223,0.0,88,164,222,153,-2.692999,-0.21145964,-3.7111585,518,300,154,87,0,-121.9315230102465,-7.6142869884149995,412.27777406055856,164.0292317578461,53.77939902077315,0.0,116.50032581802071,100.06658555945133,0.0,1,1
74,2024-11-30 15:59:54.856836,0.05920116603374481,-0.18605390191078186,0.9807543754577637,139.77330066670493,78.67955444474393,0.0,87,162,221,150,-3.800592,-4.045049,-4.175436,519,302,154,87,0,-121.47032556088972,-8.07972636473735,412.4081236985564,163.53775363661765,55.53596117540484,0.0,116.00884769679223,101.82314771408302,0.0,1,1
75,2024-11-30 15:59:55.063438,0.07285871356725693,-0.18605390191078186,0.9795998334884644,134.3855415748164,79.73957519230743,0.0,88,164,222,152,-3.6319032,-4.127613,-4.1128097,518,301,154,87,0,-121.85450313865122,-7.093569952699182,412.31154379513015,158.14999454472908,56.59598192296834,0.0,110.6210886049037,102.88316846164652,0.0,1,1
76,2024-11-30 15:59:55.269364,0.07531308382749557,-0.18605390191078186,0.9793409109115601,133.38076930713908,79.52983269101384,0.0,88,166,222,154,-3.0396047,-0.0951581,-3.7959466,519,299,154,87,0,-121.88981114782563,-7.3207063628196405,412.2941209761575,157.14522227705177,56.386239421674745,0.0,109.61631633722638,102.67342596035292,0.0,1,1
77,2024-11-30 15:59:55.514264,0.10044421255588531,-0.18605390191078186,0.9793409109115601,122.8359045267824,80.00453632162996,0.0,86,163,220,152,-3.4408584,-3.261144,-4.047197,520,301,154,87,0,-121.92475394293044,-6.845665611742093,412.2923464588999,146.6003574966951,56.860943052290864,0.0,99.07145155686969,103.14812959096905,0.0,1,1
78,2024-11-30 15:59:55.727265,0.10044421255588531,-0.1852272003889084,0.9793409109115601,122.95504040251076,79.01785721500397,0.0,88,164,223,152,-3.6707006,-3.607139,-4.1564674,518,301,154,87,0,-122.0398512284274,-7.4768644835511475,412.25296980856456,146.71949337242347,55.87426394566489,0.0,99.19058743259805,102.16145048434306,0.0,1,1
79,2024-11-30 15:59:55.935630,0.1218387708067894,-0.1852272003889084,0.9751135110855103,113.43253600840062,79.20914190829401,0.0,89,162,223,151,-2.069051,-0.18264866,-3.6216612,517,302,154,87,0,-121.75587558539934,-7.639044819987994,412.3342362459937,137.19698897831333,56.06554863895494,0.0,89.66808303848791,102.35273517763311,0.0,1,1
80,2024-11-30 15:59:56.184458,0.1218387708067894,-0.19297684729099274,0.973893940448761,113.52619985073645,82.76018677282401,0.0,87,163,221,152,-3.5295997,-4.303629,-3.9582946,519,301,154,87,0,-121.90811076132272,-7.4577670724297365,412.2867097227658,137.29065282064914,59.61659350348492,0.0,89.76174688082375,105.9037800421631,0.0,1,1
81,2024-11-30 15:59:56.395616,0.1223798394203186,-0.19297684729099274,0.973893940448761,112.88253070437626,82.61610111122357,0.0,87,163,222,151,-3.2793493,-3.0520003,-3.9765127,519,301,154,87,0,-121.5081483805676,-7.624956436382285,412.4033069002952,136.64698367428898,59.47250784188449,0.0,89.11807773446355,105.75969438056266,0.0,1,1
82,2024-11-30 15:59:56.608609,0.10949890315532684,-0.18675757944583893,0.9748205542564392,118.47390108832631,79.87875888615525,0.0,87,164,221,152,-3.9095452,-4.932227,-4.1158624,521,301,154,87,0,-121.59781110340795,-7.648246779339251,412.3757510501936,142.23835405823903,56.73516561681616,0.0,94.7094481184136,103.02235215549433,0.0,1,1
83,2024-11-30 15:59:56.811271,0.11040294170379639,-0.18675757944583893,0.9748205542564392,118.11441922111491,79.43939681740063,0.0,88,164,221,153,-3.4757705,-3.426614,-4.0624313,520,300,154,87,0,-121.61896448581673,-8.084567728376902,412.3598772847655,141.87887219102763,56.29580354806154,0.0,94.3499662512022,102.58299008673973,0.0,1,1
84,2024-11-30 15:59:57.052489,0.11040294170379639,-0.1864083856344223,0.9773823022842407,118.22559147749317,79.67825646524538,0.0,87,164,220,152,-3.226447,-4.226002,-4.234811,521,300,154,87,0,-121.60902019000842,-7.493497596297403,412.3712965908891,141.99004444740586,56.53466319590629,0.0,94.46113850758047,102.82184973458448,0.0,1,1
85,2024-11-30 15:59:57.273767,0.11683754622936249,-0.1864083856344223,0.9773823022842407,115.50692346939772,79.56203218611675,0.0,87,166,222,154,-2.4308972,0.5959797,-3.7794986,520,299,154,87,0,-121.60533817709556,-7.609939064484425,412.3724353633815,139.27137643931042,56.41843891677766,0.0,91.74247049948502,102.70562545545584,0.0,1,1
86,2024-11-30 15:59:57.484244,0.11683754622936249,-0.18675757944583893,0.9773823022842407,115.54631677293402,79.73127171412939,0.0,89,164,224,153,-3.048468,-0.14996433,-3.596611,518,300,154,87,0,-121.64379488672559,-7.586532620851537,412.364600464944,139.31076974284673,56.587678444790306,0.0,91.78186380302131,102.87486498346848,0.0,1,1
87,2024-11-30 15:59:57.714671,0.11973728984594345,-0.19531863927841187,0.9732790589332581,113.52792295703154,83.53147518091536,0.0,87,164,222,153,-3.050509,-2.261453,-3.8722382,520,300,154,87,0,-121.0811643732944,-7.777301949013975,412.521983232454,137.29237592694423,60.38788191157627,0.0,89.76346998711884,106.67506845025446,0.0,1,1
88,2024-11-30 15:59:57.924282,0.11973728984594345,-0.19531863927841187,0.9732790589332581,113.98478368893423,83.53892604662254,0.0,86,164,220,152,-3.3573432,-3.4687133,-3.9267669,521,300,154,87,0,-121.52311107354302,-7.745522919769949,412.40075521141,137.74923665884694,60.39533277728345,0.0,90.22033071902152,106.68251931596163,0.0,1,1
89,2024-11-30 15:59:58.129440,0.11973728984594345,-0.19531863927841187,0.9732790589332581,114.1242857456554,83.48371591961208,0.0,87,163,222,152,-3.3751736,-1.4627275,-3.8483543,520,301,154,87,0,-121.65787740635416,-7.793008008479531,412.36226109720013,137.8887387155681,60.34012265027299,0.0,90.35983277574269,106.62730918895117,0.0,1,1
90,2024-11-30 15:59:58.349439,0.09505892544984818,-0.19081352651119232,0.9770127534866333,124.57461659162962,81.12143927765598,0.0,87,165,222,153,-3.1629236,0.09709692,-3.6280677,520,299,154,87,0,-121.5016116012499,-7.943876747853245,412.394440360922,148.33906956154232,57.97784600831689,0.0,100.81016362171694,104.26503254699506,0.0,1,1
91,2024-11-30 15:59:58.555183,0.020451044663786888,-0.18356670439243317,0.982794463634491,156.28991530765768,78.15307041095991,0.0,85,162,219,150,-4.151835,-4.4003224,-4.181216,522,301,154,87,0,-121.67358985501016,-7.390800962602228,412.35828244623,180.0543682775704,55.00947714162082,0.0,132.52546233774498,101.296663680299,0.0,1,1
92,2024-11-30 15:59:58.757227,-0.0002916735829785466,-0.16691617667675018,0.9859710335731506,165.2942620862844,70.67047828751527,0.0,86,164,219,151,-3.9974408,-2.1259432,-4.0518007,522,300,154,87,0,-121.97518369573916,-7.645987777727462,412.2662093291169,189.0587150561971,47.52688501817617,0.0,141.5298091163717,93.81407155685434,0.0,1,1
93,2024-11-30 15:59:58.992896,-0.0002916735829785466,-0.16421540081501007,0.9863924384117126,165.046783474867,69.71987106984056,0.0,88,165,222,153,-2.4533935,-1.033104,-3.4147997,518,299,154,87,0,-121.72773292592022,-7.45163859666515,412.34825650886154,188.8112364447797,46.57627780050147,0.0,141.2823305049543,92.86346433917964,0.0,1,1
94,2024-11-30 15:59:59.209047,-0.0002916735829785466,-0.16009610891342163,0.986412763595581,165.01874153438825,67.35974851032465,0.0,86,165,221,152,-3.8940027,-2.7415757,-4.107477,520,299,154,87,0,-121.69969511362717,-8.08747998247228,412.34279204426934,188.78319450430095,44.21615524098556,0.0,141.25428856447553,90.50334177966374,0.0,1,1
95,2024-11-30 15:59:59.418032,0.0029328428208827972,-0.15983009338378906,0.986412763595581,163.99341030722246,67.56621591471522,0.0,87,162,222,150,-2.7715569,-2.7965732,-3.7383518,518,301,154,87,0,-122.02201964412487,-7.755378358167047,412.25371237503475,187.75786327713516,44.42262264537613,0.0,140.22895733730977,90.70980918405431,0.0,1,1
96,2024-11-30 15:59:59.675028,0.02572949230670929,-0.15983009338378906,0.986412763595581,154.19162708613626,67.64849082629263,0.0,87,164,222,152,-3.7417412,-1.5206857,-3.9599617,519,299,154,87,0,-121.74978885892413,-7.686131564324878,412.3341171432958,177.95608005604896,44.504897556953544,0.0,130.42717411622357,90.79208409563172,0.0,1,1
97,2024-11-30 15:59:59.883560,0.02572949230670929,-0.15983009338378906,0.9868356585502625,154.2211549218772,67.68443432480687,0.0,87,164,221,153,-3.4087381,-1.9260952,-3.6343791,520,299,154,87,0,-121.77452780855435,-7.620439786864524,412.32721887031107,177.9856078917899,44.54084105546778,0.0,130.45670195196448,90.82802759414596,0.0,1,1
98,2024-11-30 16:00:00.099277,0.01726756989955902,-0.1565818190574646,0.9875140190124512,157.02369356679537,65.71262202205858,0.0,85,164,219,152,-3.591284,-2.4897556,-4.007609,522,300,154,87,0,-121.03998546729123,-8.22183142335694,412.5273965290628,180.7881465367081,42.5690287527195,0.0,133.25924059688268,88.85621529139767,0.0,1,1
99,2024-11-30 16:00:00.304038,0.01726756989955902,-0.15983009338378906,0.9868356585502625,157.17684537523908,67.38491660323619,0.0,85,162,218,150,-4.571094,-4.3452067,-4.248974,521,301,154,87,0,-121.19745799970472,-7.94647476993732,412.4909438526556,180.94129834515178,44.24132333389711,0.0,133.4123924053264,90.52850987257528,0.0,1,1
100,2024-11-30 16:00:00.552303,0.003505348926410079,-0.1565818190574646,0.9868356585502625,163.62218604544532,65.6752900474548,0.0,87,163,221,152,-3.5864165,-3.1974225,-3.8670297,519,300,154,87,0,-121.88951708078206,-8.264308308046944,412.2764410668021,187.386639015358,42.53169677811571,0.0,139.85773307553262,88.81888331679389,0.0,1,1
101,2024-11-30 16:00:00.763106,-0.1282411813735962,-0.1565818190574646,0.9820124506950378,218.62286192847236,66.42813319589463,0.0,86,162,221,149,-4.1263824,-4.426545,-4.2927947,519,302,154,87,0,-121.57324682895207,-7.848927042725862,412.3778324983832,242.38731489838506,43.28453992655554,0.0,194.85840895855966,89.57172646523372,0.0,1,1
102,2024-11-30 16:00:00.973102,-0.1282411813735962,-0.15138468146324158,0.9807108640670776,218.319660412701,63.954331980842156,0.0,86,164,220,152,-3.4188979,-1.1066184,-4.004521,519,300,154,87,0,-121.18402588060758,-8.241830389393076,412.48907995224863,242.08411338261374,40.81073871150307,0.0,194.55520744278832,87.09792525018125,0.0,1,1
103,2024-11-30 16:00:01.178603,-0.1329977661371231,-0.14324049651622772,0.9802732467651367,220.67285502186968,60.554836751308244,0.0,86,164,220,153,-3.822845,-1.737844,-4.084429,520,299,154,87,0,-121.52502760625934,-8.228317793584198,412.3902448421715,244.43730799178238,37.41124348196916,0.0,196.90840205195698,83.69843002064734,0.0,1,1
104,2024-11-30 16:00:01.426220,-0.1329977661371231,-0.14324049651622772,0.9802732467651367,221.17435344948802,60.52645546235941,0.0,87,164,221,152,-3.9698315,-2.5841043,-3.9261334,519,300,154,87,0,-122.04771064869023,-8.233882949357374,412.23410153430325,244.93880641940075,37.382862193020316,0.0,197.40990047957533,83.6700487316985,0.0,1,1
105,2024-11-30 16:00:01.638211,-0.1475221961736679,-0.15088793635368347,0.9779582619667053,226.9054456176347,63.892896200928845,0.0,85,165,218,153,-3.541651,-1.234539,-4.072,521,299,154,87,0,-121.49945972647909,-8.258716297052503,412.3967488832016,250.6698985875474,40.74930293158976,0.0,203.140992647722,87.03648947026794,0.0,1,1
106,2024-11-30 16:00:01.840230,-0.1475221961736679,-0.15138468146324158,0.9779582619667053,226.89912712535207,63.09055336300473,0.0,86,164,220,152,-3.5616653,-0.07086897,-3.8290381,519,300,154,87,0,-121.49627561496962,-9.267315910681075,412.3759703586626,250.66358009526476,39.94696009366564,0.0,203.13467415543937,86.23414663234382,0.0,1,1
107,2024-11-30 16:00:02.060555,-0.1475221961736679,-0.15694794058799744,0.9779582619667053,227.16968560751505,66.64676447940249,0.0,85,163,219,150,-4.2948656,-2.6376193,-4.1461616,520,301,154,87,0,-121.77546526527905,-8.047783387365042,412.31875237778803,250.93413857742775,43.50317121006341,0.0,203.40523263760235,89.79035774874158,0.0,1,1
108,2024-11-30 16:00:02.266198,-0.13799156248569489,-0.15694794058799744,0.9779643416404724,223.3022656424317,66.32304169175849,0.0,85,163,220,152,-3.9767084,-1.6982851,-4.0104313,519,300,154,87,0,-121.93457929231089,-8.362058835008272,412.2624479568541,247.0667186123444,43.1794484224194,0.0,199.537812672519,89.46663496109758,0.0,1,1
109,2024-11-30 16:00:02.525929,-0.13311932981014252,-0.15834510326385498,0.9784754514694214,221.08589566319145,67.02875064736558,0.0,87,164,221,153,-2.8310874,-0.56880665,-3.7182312,517,300,154,87,0,-121.79519646501937,-8.217861045209768,412.30819019970517,244.85034863310415,43.8851573780265,0.0,197.32144269327875,90.17234391670468,0.0,1,1
110,2024-11-30 16:00:02.738538,-0.13311932981014252,-0.15834510326385498,0.9784754514694214,221.25337562595374,67.05730312025965,0.0,83,163,216,152,-3.8040402,-1.45349,-4.0882297,520,300,154,87,0,-121.97046268020124,-8.180046844922867,412.2509584147917,245.01782859586643,43.91370985092056,0.0,197.48892265604104,90.20089638959874,0.0,1,1
111,2024-11-30 16:00:02.943199,-0.13799156248569489,-0.15834510326385498,0.9784754514694214,223.31952369867824,66.55605652497326,0.0,85,163,220,152,-3.1908436,0.43410492,-3.612804,517,300,154,87,0,-121.98495193685594,-8.68002124613196,412.2430970370258,247.08397666859094,43.412463255634165,0.0,199.55507072876554,89.69964979431234,0.0,1,1
112,2024-11-30 16:00:03.188000,-0.2426750808954239,-0.15868224203586578,0.9573622345924377,269.78120815575596,68.4857897343831,0.0,85,161,219,149,-3.3444855,-1.9391131,-3.6478791,518,302,154,87,0,-122.0960301736638,-8.361104999512177,412.20928015748655,293.5456611256687,45.34219646504402,0.0,246.0167551858433,91.6293830037222,0.0,1,1
113,2024-11-30 16:00:03.399999,-0.3305250108242035,-0.1639566272497177,0.9301900267601013,312.1341925516814,72.76236306795812,0.0,84,163,219,152,-3.0573125,0.038134575,-3.739446,519,300,154,87,0,-122.50740556389947,-8.397380907884639,412.0941264080169,335.8986455215941,49.61876979861903,0.0,288.3697395817687,95.90595633729721,0.0,1,1
114,2024-11-30 16:00:03.600879,-0.3305250108242035,-0.1639566272497177,0.9301900267601013,311.8480431266129,72.6283943369608,0.0,84,164,218,153,-3.4097672,0.35401154,-3.7309852,519,299,154,87,0,-122.18686437799298,-8.548409640175391,412.1909144630401,335.61249609652555,49.48480106762171,0.0,288.0835901567002,95.77198760629989,0.0,1,1
115,2024-11-30 16:00:03.830782,-0.33100828528404236,-0.16615359485149384,0.9284061789512634,312.57788748715575,73.83339573241709,0.0,84,163,218,152,-4.133462,-0.8261423,-3.9280758,519,300,154,87,0,-122.44935990244238,-8.44403618271305,412.1106101766103,336.3423404570685,50.689802463077996,0.0,288.8134345172431,96.97698900175618,0.0,1,1
116,2024-11-30 16:00:04.033884,-0.33343687653541565,-0.1707313358783722,0.9282262921333313,313.3675290376214,74.7100010702682,0.0,84,163,219,151,-4.3594074,-2.4586477,-3.9865804,519,300,154,87,0,-122.10483779911522,-9.628189454158502,412.18703027000316,337.13198200753413,51.56640780092911,0.0,289.6030760677087,97.8535943396073,0.0,1,1
117,2024-11-30 16:00:04.236038,-0.34591320157051086,-0.1707313358783722,0.9241551756858826,319.96087718331626,76.13045576783391,0.0,83,163,218,151,-4.29434,-1.4399152,-3.892341,520,300,154,87,0,-122.51630681667417,-8.524435721852742,412.09349248583294,343.7253301532289,52.986862498494816,0.0,296.19642421340353,99.274049037173,0.0,1,1
118,2024-11-30 16:00:04.499120,-0.34591320157051086,-0.16615359485149384,0.9241551756858826,319.79545369391184,74.36693013921196,0.0,85,162,220,151,-3.600006,-1.2652159,-3.9738638,518,301,154,87,0,-122.32913996021338,-8.257127780798331,412.15158291172816,343.55990666382456,51.22333686987287,0.0,296.0310007239991,97.51052340855105,0.0,1,1
119,2024-11-30 16:00:04.718117,-0.34591320157051086,-0.1726590096950531,0.9241551756858826,319.7996101628299,76.9862185996152,0.0,85,164,219,153,-3.6481383,-1.2561946,-3.8120794,518,300,154,87,0,-122.33656857013946,-8.537468856952819,412.1428409324269,343.5640631327426,53.84262533027611,0.0,296.03515719291715,100.12981186895428,0.0,1,1
120,2024-11-30 16:00:04.929774,-0.34007424116134644,-0.17668335139751434,0.9251241087913513,317.2362032341083,79.66056367896611,0.0,85,163,219,151,-4.3157587,-4.2788258,-4.3773985,520,301,154,87,0,-122.55038210753546,-7.567844311052587,412.1036891305732,341.00065620402097,56.51697040962702,0.0,293.4717502641956,102.8041569483052,0.0,1,1
121,2024-11-30 16:00:05.194114,-0.33582350611686707,-0.17711025476455688,0.9261713027954102,314.8932291360214,79.21606909266198,0.0,86,166,221,154,-4.0251837,-1.165914,-3.8453634,520,299,154,87,0,-122.24154012866126,-8.128350231412643,412.1823818282646,338.6576821059341,56.07247582332289,0.0,291.12877616610865,102.35966236200107,0.0,1,1
122,2024-11-30 16:00:05.407056,-0.18871943652629852,-0.17884857952594757,0.9656076431274414,245.3435464407836,76.36673278910132,0.0,86,163,219,151,-4.170153,-3.1132233,-4.1970534,519,302,154,87,0,-121.55205219229119,-8.535643407816574,412.3716397613923,269.1079994106963,53.223139519762235,0.0,221.57909347087087,99.51032605844041,0.0,1,1
123,2024-11-30 16:00:05.609393,-0.04992957040667534,-0.1848636269569397,0.9757705330848694,186.7976795829598,79.7643968522219,0.0,88,162,221,152,-3.8818624,-1.9924383,-3.8796492,517,302,154,87,0,-122.51270387407853,-6.836573946998277,412.1186656321357,210.56213255287253,56.620803582882814,0.0,163.0332266130471,102.907990121561,0.0,1,1
124,2024-11-30 16:00:05.813588,-0.041084468364715576,-0.1866784244775772,0.980880618095398,182.64525701698446,79.48958179081318,0.0,86,163,220,152,-3.8603783,-3.9105022,-4.106272,518,301,154,87,0,-122.18281956656465,-7.483511916009111,412.20479782081696,206.40970998689716,56.345988521474084,0.0,158.88080404707176,102.63317506015227,0.0,1,1
125,2024-11-30 16:00:06.073993,-0.037545278668403625,-0.19426710903644562,0.980880618095398,181.2705041844692,82.58784273925976,0.0,87,164,223,152,-2.752962,-2.1759632,-3.9451985,516,301,154,87,0,-122.29669857802845,-7.567463005743331,412.17019560005895,205.0349571543819,59.44424946992067,0.0,157.5060512145565,105.73143600859885,0.0,1,1
126,2024-11-30 16:00:06.290202,-0.021149558946490288,-0.19426710903644562,0.980880618095398,174.24574686064327,82.43714060922679,0.0,87,165,221,154,-2.9583287,1.360537,-3.5757022,518,300,154,87,0,-122.16065888397182,-7.725819612250351,412.20884407561556,198.01019983055596,59.293547339887695,0.0,150.48129389073057,105.58073387856587,0.0,1,1
127,2024-11-30 16:00:06.499204,-0.021149558946490288,-0.203277587890625,0.9781265258789062,174.4406948325803,86.25912359534078,0.0,86,164,219,152,-3.5834866,-0.8150711,-3.9477253,520,301,154,87,0,-122.33171101522046,-7.920106376294096,412.1565911177251,198.205147802493,63.115530326001696,0.0,150.6762418626676,109.40271686467987,0.0,1,1
128,2024-11-30 16:00:06.737253,-0.021149558946490288,-0.2089042067527771,0.9778279066085815,174.2497800972041,89.46600934799444,0.0,88,164,223,153,-2.4202907,0.18791676,-3.7532768,517,301,154,87,0,-122.13652942074147,-7.126274456618921,412.2280346746279,198.0142330671168,66.32241607865535,0.0,150.48532712729138,112.60960261733354,0.0,1,1
129,2024-11-30 16:00:06.943842,-0.021149558946490288,-0.2089042067527771,0.9778279066085815,173.976239821052,88.68980967306561,0.0,86,165,221,153,-3.6672187,-2.476013,-4.088594,518,300,154,87,0,-121.86158559564257,-7.916337648991301,412.2929263034313,197.74069279096472,65.54621640372652,0.0,150.2117868511393,111.8334029424047,0.0,1,1
130,2024-11-30 16:00:07.145678,-0.04412303864955902,-0.203277587890625,0.9781265258789062,183.54566960346256,86.2533018825704,0.0,86,163,219,151,-4.1055913,-3.4545279,-4.3033466,520,302,154,87,0,-121.74818144541297,-7.963194360361665,412.33590812386734,207.31012257337528,63.10970861323131,0.0,159.78121663354986,109.39689515190949,0.0,1,1
131,2024-11-30 16:00:07.402778,-0.04412303864955902,-0.203277587890625,0.9781265258789062,183.75545401849905,86.6633032489098,0.0,91,164,222,153,-4.2746906,0.46913815,-4.193984,519,301,154,87,0,-121.96083655870872,-7.539967508299361,412.27227002909535,207.51990698841178,63.519709979570706,0.0,159.99100104858636,109.80689651824889,0.0,0,0
132,2024-11-30 16:00:07.619034,-0.038030169904232025,-0.19938665628433228,0.9787039160728455,180.26240852112932,84.33539872431713,0.0,87,164,221,152,-4.0799236,-3.2628655,-4.0786495,518,301,154,87,0,-121.03502502066478,-8.232385313111182,412.53776744037845,204.026861491042,61.19180545497804,0.0,156.4979555512166,107.47899199365622,0.0,1,1
133,2024-11-30 16:00:07.829357,-0.019482402130961418,-0.1964361071586609,0.9798007011413574,173.21337630942804,83.40656586648387,0.0,88,165,222,154,-3.0283098,-1.7026067,-3.7761283,516,298,154,87,0,-121.81780870638588,-7.779736612374308,412.31283388521774,196.97782927934074,60.26297259714478,0.0,149.44892333951535,106.55015913582297,0.0,1,1
134,2024-11-30 16:00:08.030388,-0.019482402130961418,-0.1964361071586609,0.9787039160728455,173.58535175328973,82.70256995131146,0.0,90,164,218,157,-5.9639683,-10.17087,-2.3435054,517,293,154,87,0,-122.18315936079823,-8.550528595168641,412.1840906628632,197.34980472320242,59.558976681972375,0.0,149.82089878337703,105.84616322065055,0.0,0,0
135,2024-11-30 16:00:08.264246,-0.019482402130961418,-0.16519993543624878,0.9855265617370605,173.43331289501617,67.05125306357345,0.0,87,168,218,156,-4.692134,-8.249593,-3.0590868,518,291,154,87,0,-122.08842570236794,-10.560721818152167,412.15865761266394,197.1977658649289,43.90765979423438,0.0,149.66885992510348,90.19484633291255,0.0,1,1
136,2024-11-30 16:00:08.469701,-0.038030169904232025,-0.15996861457824707,0.9863698482513428,181.06057208925245,65.92262565222212,0.0,89,166,220,154,-5.401816,-6.82187,-2.988685,516,293,154,87,0,-121.96971530903944,-9.455606614968255,412.2280415114767,204.82502505916517,42.77903238288304,0.0,157.29611911933975,89.06621892156122,0.0,1,1
137,2024-11-30 16:00:08.675105,-0.06346812844276428,-0.1419387310743332,0.9869298338890076,192.09263787009962,58.08324681061591,0.0,87,167,219,155,-5.4511733,-7.5815725,-2.8324528,518,292,154,87,0,-122.39437478009543,-9.706770644835387,412.0929529699302,215.85709084001232,34.939653541276826,0.0,168.32818490018693,81.226840079955,0.0,1,1
138,2024-11-30 16:00:08.905265,-0.06346812844276428,-0.1298138052225113,0.9899111986160278,192.07060563117795,53.202022406012034,0.0,87,167,219,154,-6.3700333,-7.182396,-2.8326635,518,293,154,87,0,-122.45258978248319,-9.361094565226361,412.0862083179773,215.83505860109068,30.05842913667295,0.0,168.30615266126526,76.34561567535113,0.0,1,1
139,2024-11-30 16:00:09.113454,-0.06983482092618942,-0.1298138052225113,0.9899111986160278,194.6203026699057,53.703111532267926,0.0,87,166,219,155,-5.4314613,-5.8002443,-2.9068947,517,294,154,87,0,-122.34930901373163,-8.864861985304042,412.1232425116361,218.38475563981842,30.55951826292884,0.0,170.855849699993,76.84670480160702,0.0,1,1
140,2024-11-30 16:00:09.317855,-0.06983482092618942,-0.1298138052225113,0.9899111986160278,195.05972618906108,53.67958389573965,0.0,89,166,220,154,-6.18453,-6.519906,-2.666266,516,294,154,87,0,-122.79824064534355,-8.87071528341345,411.9884646619384,218.82417915897378,30.53599062640056,0.0,171.29527321914838,76.82317716507873,0.0,1,1
141,2024-11-30 16:00:09.590246,-0.06346812844276428,-0.1308847963809967,0.9886629581451416,192.2540479286934,53.58567934596094,0.0,89,167,222,156,-4.8543086,-5.5175896,-2.7699747,515,293,154,87,0,-122.6060368200957,-9.485132902051438,412.03382881949346,216.0185008986061,30.442086076621848,0.0,168.4895949587807,76.72927261530003,0.0,1,1
142,2024-11-30 16:00:09.808316,-0.05678115412592888,-0.14033140242099762,0.9886629581451416,189.36003681609492,58.01185274784979,0.0,89,166,222,155,-4.6538696,-4.8668957,-2.6775346,514,294,154,87,0,-122.49619257019586,-9.002556062065175,412.0806222420447,213.12448978600762,34.868259478510694,0.0,165.59558384618222,81.15544601718888,0.0,1,1
143,2024-11-30 16:00:10.016801,-0.049744803458452225,-0.14802484214305878,0.9874399304389954,186.9730394638964,61.68664435676207,0.0,91,166,223,155,-3.463327,-4.4318886,-2.68047,514,295,154,87,0,-123.02408218444074,-8.58771863285683,411.9262929331856,210.7374924338091,38.54305108742299,0.0,163.20858649398372,84.83023762610117,0.0,1,1
144,2024-11-30 16:00:10.222249,-0.049744803458452225,-0.14995910227298737,0.9865757822990417,186.42893799737078,62.4198758791442,0.0,88,167,221,155,-5.1306233,-3.680241,-2.826198,517,294,154,87,0,-122.45339334782695,-8.74154396886978,412.09310018791507,210.19339096728348,39.276282609805115,0.0,162.66448502745806,85.56346914848329,0.0,1,1
145,2024-11-30 16:00:10.456080,-0.048762280493974686,-0.1527385711669922,0.9865757822990417,185.65113213789522,63.31025884083373,0.0,89,166,222,154,-3.1585197,-6.562256,-3.30566,516,296,154,87,0,-122.0806533095526,-9.028855321359458,412.20102797451284,209.4155851078079,40.16666557149465,0.0,161.8866791679825,86.45385211017282,0.0,1,1
146,2024-11-30 16:00:10.663567,-0.04734812676906586,-0.15713876485824585,0.986440896987915,185.30085658539102,65.16715160542422,0.0,87,165,220,153,-4.7683935,-6.563086,-3.5250897,518,296,154,87,0,-122.32193157149854,-9.008061754487477,412.1299518146459,209.0653095553037,42.02355833608513,0.0,161.53640361547832,88.31074487476332,0.0,1,1
147,2024-11-30 16:00:10.868429,-0.04734812676906586,-0.17549514770507812,0.9839494228363037,185.06635356786137,73.41435842221269,0.0,87,166,220,153,-4.8276954,-6.0719185,-3.6850493,518,295,154,87,0,-122.03268305883377,-8.632971011778839,412.2267020662769,208.8308065377741,50.270765152873594,0.0,161.30190059794865,96.55795169155178,0.0,1,1
148,2024-11-30 16:00:11.139516,-0.05260174721479416,-0.15713876485824585,0.9864314198493958,187.3647413062024,65.1585715544773,0.0,88,168,221,157,-5.1760397,-4.965693,-2.9192038,517,293,154,87,0,-122.1883904334282,-9.02408072992116,412.17268982346644,211.1291942761151,42.01497828513821,0.0,163.60028833628968,88.30216482381638,0.0,1,1
149,2024-11-30 16:00:11.353621,-0.04734812676906586,-0.15713876485824585,0.9864314198493958,185.0668026756932,64.87639274167564,0.0,88,165,220,154,-3.0277693,-6.2133417,-3.3522012,517,296,154,87,0,-122.08463182049665,-9.309592902764603,412.1936148388938,208.8312556456059,41.73279947233656,0.0,161.3023497057805,88.01998601101474,0.0,1,1
150,2024-11-30 16:00:11.557699,-0.04734812676906586,-0.15713876485824585,0.9864314198493958,185.32651819219967,65.62300339334256,0.0,87,167,219,155,-3.893139,-5.6473494,-3.5759456,518,294,154,87,0,-122.3473204592723,-8.553115065360132,412.131674031062,209.09097116211237,42.479410124003465,0.0,161.56206522228695,88.76659666268165,0.0,1,1
151,2024-11-30 16:00:11.766070,-0.034019362181425095,-0.174844428896904,0.9844727516174316,179.69443782488898,73.09485660413745,0.0,89,166,221,154,-3.0606518,-4.362225,-3.0572054,515,296,154,87,0,-122.25483969171539,-8.628603513975737,412.15738511793376,203.45889079480168,49.951263334798355,0.0,155.92998485497628,96.23844987347653,0.0,1,1
152,2024-11-30 16:00:11.997126,-0.02686855010688305,-0.15915167331695557,0.9864314198493958,176.63389516502457,66.04449533183019,0.0,88,165,220,154,-2.940627,-5.464465,-3.413763,516,296,154,87,0,-122.21032751157337,-8.977060444521362,412.1592112902774,200.39834813493727,42.9009020624911,0.0,152.86944219511187,89.18808860116928,0.0,1,1
153,2024-11-30 16:00:12.205816,0.002249932149425149,-0.174844428896904,0.9844727516174316,164.90688458151703,73.14770803969176,0.0,87,166,218,156,-3.272559,-5.0363607,-3.534832,519,297,154,87,0,-122.65144858418962,-8.554941805277794,412.0402115425853,188.67133755142976,50.00411477035267,0.0,141.14243161160434,96.29130130903084,0.0,1,1
154,2024-11-30 16:00:12.415001,-0.012531636282801628,-0.17892055213451385,0.9837836623191833,170.54649322386547,74.91305690756886,0.0,88,165,221,153,-3.2999475,-5.4891686,-3.6779494,517,297,154,87,0,-122.0986064259384,-8.578252903278399,412.2062112664228,194.31094619377816,51.769463638229766,0.0,146.78204025395274,98.05665017690794,0.0,1,1
155,2024-11-30 16:00:12.622403,-0.012531636282801628,-0.174844428896904,0.9844727516174316,170.62040075735592,73.35482210571763,0.0,89,165,222,153,-3.176587,-5.2837434,-3.4888418,516,297,154,87,0,-122.17640079568076,-8.37435843665154,412.1895943329671,194.38485372726862,50.21122883637855,0.0,146.8559477874432,96.49841537505672,0.0,1,1
156,2024-11-30 16:00:12.897151,-0.016848638653755188,-0.17468462884426117,0.9844802618026733,172.30498939360024,72.80234958277926,0.0,88,166,220,154,-3.663622,-4.932749,-3.272764,516,296,154,87,0,-122.05316865143844,-8.863366268509722,412.21213765496265,196.06944236351293,49.658756313440165,0.0,148.54053642368754,95.94594285211835,0.0,1,1
157,2024-11-30 16:00:13.111687,-0.012531636282801628,-0.17468462884426117,0.9844802618026733,170.7229213403166,73.13263100209419,0.0,90,165,223,153,-2.3239963,-5.2970524,-3.3071585,513,297,154,87,0,-122.27942804651873,-8.522580050720048,412.15293515488565,194.4873743102293,49.9890377327551,0.0,146.9584683704039,96.27622427143328,0.0,1,1
158,2024-11-30 16:00:13.321815,-0.012531636282801628,-0.1742531955242157,0.9846681356430054,171.07924030277837,72.88898779621925,0.0,88,165,220,154,-3.6188097,-4.3924074,-3.5318136,516,297,154,87,0,-122.63811961085555,-8.552612398065946,412.04516237973695,194.8436932726911,49.74539452688016,0.0,147.31478733286568,96.03258106555835,0.0,1,1
159,2024-11-30 16:00:13.549813,-0.012927883304655552,-0.1742531955242157,0.9846681356430054,170.7079298190241,72.87451700278164,0.0,85,167,217,156,-4.4011483,-3.5405746,-3.6359024,519,295,154,87,0,-122.09889245606311,-8.595426094593133,412.2053221602217,194.47238278893678,49.73092373344256,0.0,146.9434768491114,96.01811027212074,0.0,1,1
160,2024-11-30 16:00:13.753686,-0.008032881654798985,-0.1742531955242157,0.9846681356430054,168.76221190588586,73.03926800663932,0.0,88,165,216,154,-2.3000588,-2.9248977,-3.7269793,519,297,154,87,0,-122.20253702857327,-8.426352623966844,412.1808968101923,192.52666487579856,49.89567473730023,0.0,144.99775893597314,96.18286127597841,0.0,0,0
161,2024-11-30 16:00:13.957787,-0.008032881654798985,-0.1742531955242157,0.9846681356430054,168.5059230347059,72.24211859064661,0.0,88,165,221,154,-3.6672323,-3.91487,-3.74778,517,297,154,87,0,-121.94577034975507,-9.233866876811874,412.2394663219244,192.27037600461858,49.09852532130752,0.0,144.7414700647932,95.3857118599857,0.0,1,1
162,2024-11-30 16:00:14.227129,-0.012927883304655552,-0.1742531955242157,0.9846681356430054,170.42230702201175,72.98149083467547,0.0,88,165,221,154,-3.4934134,-2.833991,-3.348325,517,297,154,87,0,-121.81207772330414,-8.504518203876136,412.29610741267203,194.18675999192448,49.83789756533638,0.0,146.65785405209905,96.12508410401455,0.0,1,1
163,2024-11-30 16:00:14.436119,-0.014227611944079399,-0.17657826840877533,0.9842016696929932,171.15771818042208,74.04551521054663,0.0,86,166,219,154,-3.7300844,-3.512492,-3.5742917,519,296,154,87,0,-122.0013204749736,-8.43825841639759,412.235785840598,194.92217115033478,50.90192194120753,0.0,147.39326521050938,97.1891084798857,0.0,1,1
164,2024-11-30 16:00:14.654023,-0.019038792699575424,-0.1844095140695572,0.982047975063324,173.16880772092216,77.22621345280763,0.0,85,165,217,154,-3.3279567,-2.7509341,-3.881269,520,297,154,87,0,-121.97964412810748,-8.70806330921559,412.2409479388723,196.93326069083486,54.082620183468535,0.0,149.40435475100946,100.36980672214672,0.0,1,1
165,2024-11-30 16:00:14.871023,-0.0290164053440094,-0.17035789787769318,0.9852795600891113,177.398253455928,71.40346207812732,0.0,88,166,220,155,-3.173961,-1.8627622,-3.449626,517,297,154,87,0,-122.06128147804068,-8.394130174993872,412.22017671535355,201.1627064258407,48.259868808788234,0.0,153.6338004860153,94.54705534746641,0.0,1,1
166,2024-11-30 16:00:15.065842,-0.0290164053440094,-0.16986554861068726,0.9854384064674377,177.38762043037042,70.98678602404362,0.0,88,166,220,155,-3.234721,-2.8172746,-3.3189452,517,297,154,87,0,-122.05266109319248,-8.59303544295119,412.218282546263,201.15207340028311,47.84319275470453,0.0,153.62316746045772,94.13037929338272,0.0,1,1
167,2024-11-30 16:00:15.258750,-0.0290164053440094,-0.1844095140695572,0.982047975063324,177.18241965926887,77.51591512994605,0.0,88,166,217,157,-2.2091942,-1.9473128,-3.438455,520,297,154,87,0,-121.8032911560027,-8.42849644498038,412.29491951696286,200.94687262918157,54.37232186060697,0.0,153.41796668935618,100.65950839928514,0.0,0,0
168,2024-11-30 16:00:15.455989,-0.019038792699575424,-0.18770742416381836,0.9820404052734375,172.6782545406368,77.85500872923527,0.0,85,166,218,154,-3.33778,-3.0565212,-3.7590046,519,297,154,87,0,-121.4864695401121,-9.489499155179818,412.37298520830234,196.4427075105495,54.71141545989617,0.0,148.9138015707241,100.99860199857434,0.0,1,1
169,2024-11-30 16:00:15.663410,-0.026575814932584763,-0.16986554861068726,0.9854384064674377,176.09981779375047,71.08084546183636,0.0,88,166,220,155,-3.441245,-1.8001745,-3.404077,517,297,154,87,0,-121.7835887034262,-8.512986659108448,412.2995623385162,199.86427076366317,47.937252192497276,0.0,152.33536482383778,94.22443873117545,0.0,1,1
170,2024-11-30 16:00:15.877584,-0.007528564427047968,-0.16986554861068726,0.9854384064674377,168.26445633084165,71.3456820876039,0.0,86,165,219,153,-3.1282604,-3.7297773,-4.026234,518,298,154,87,0,-121.91767488307883,-8.242958588976164,412.2694452918055,192.02890930075435,48.20208881826482,0.0,144.50000336092896,94.489275356943,0.0,1,1
171,2024-11-30 16:00:16.082726,-0.009968239814043045,-0.18810206651687622,0.9820988774299622,169.29482442935642,78.4506606892376,0.0,86,165,219,153,-2.8764312,-2.2901726,-4.059661,519,298,154,87,0,-121.91327323802187,-9.03357302602925,412.26184115594907,193.05927739926912,55.3070674198985,0.0,145.5303714594437,101.59425395857667,0.0,1,1
172,2024-11-30 16:00:16.289291,-0.009968239814043045,-0.18810206651687622,0.9820988774299622,169.4098946511901,78.96615743568091,0.0,87,165,218,154,-3.047378,-1.7252595,-3.5865157,518,298,154,87,0,-122.02861638316864,-8.512926178850696,412.23495198750777,193.1743476211028,55.82256416634182,0.0,145.64544168127736,102.10975070501999,0.0,1,1
173,2024-11-30 16:00:16.500290,-0.009968239814043045,-0.18810206651687622,0.9820988774299622,169.46847765611935,79.16908609304694,0.0,88,165,217,156,-2.8005073,-3.732365,-3.854606,519,299,154,87,0,-122.08734154635377,-8.30731497549834,412.2209461583821,193.23293062603204,56.02549282370786,0.0,145.70402468620665,102.31267936238604,0.0,1,1
174,2024-11-30 16:00:16.707296,0.01142314076423645,-0.189595028758049,0.9817066788673401,160.28755453318072,80.06779615073037,0.0,87,164,218,156,-2.3479812,-1.8162274,-3.4234686,516,297,154,87,0,-121.88773229716098,-8.078569802936332,412.2806178594936,184.05200750309342,56.92420288139128,0.0,136.52310156326803,103.21138942006945,0.0,0,0
175,2024-11-30 16:00:16.917238,0.00850881077349186,-0.22229227423667908,0.9749429225921631,161.90525333791726,93.50413453610768,0.0,84,160,215,148,-2.3111978,-4.502225,-3.1022272,510,294,154,87,0,-122.30510009408711,-8.989899836363142,412.1419138272507,185.66970630782998,70.36054126676859,0.0,138.14080036800456,116.64772780544678,0.0,1,1
176,2024-11-30 16:00:17.183413,0.10883855074644089,-0.31850552558898926,0.9416519403457642,121.59545127493007,136.7192116041909,0.0,90,156,215,149,-0.10532808,-6.1733646,-2.0063663,493,293,154,87,0,-125.90561256730386,-10.829710374639104,411.02461920136443,145.35990424484277,113.57561833485178,0.0,97.83099830501737,159.86280487352997,0.0,0,0
177,2024-11-30 16:00:17.407471,0.12247318774461746,-0.32211101055145264,0.9163480401039124,118.95313381938078,140.29914154771552,0.0,86,156,207,145,0.10211325,-2.316112,-2.5533512,483,298,154,87,0,-130.4963305303023,-12.194251987166309,409.56868286675035,142.71758678929348,117.15554827837641,0.0,95.18868084946808,163.4427348170546,0.0,0,1
